user_id,full_name,country,signup_date,account_tier,segment
1,Ahmed Malik,AE,2023-04-29,standard,risky
2,Hassan Sheikh,PK,2023-07-31,premium,normal
3,Maryam Malik,GB,2024-03-19,basic,risky
4,Talha Qureshi,PK,2023-01-17,basic,heavy
5,Areeba Raza,PK,2025-09-29,standard,normal
6,Omar Malik,PK,2022-12-03,standard,dormant
7,Saad Sheikh,PK,2023-03-05,standard,risky
8,Hassan Farooqui,AE,2024-05-29,basic,risky
9,Hira Khan,PK,2023-08-04,basic,normal
10,Hira Qureshi,PK,2024-05-07,standard,normal
11,Areeba Baig,PK,2025-03-30,basic,normal
12,Fatima Ahmed,GB,2023-05-10,basic,dormant
13,Danish Khan,SA,2025-04-29,standard,heavy
14,Omar Ahmed,GB,2025-01-30,standard,risky
15,Ali Farooqui,PK,2024-05-08,premium,normal
16,Ayesha Khan,GB,2023-03-22,basic,normal
17,Talha Ahmed,AE,2024-10-31,basic,normal
18,Faizan Khan,PK,2024-06-10,premium,normal
19,Fatima Ahmed,PK,2026-01-19,basic,risky
20,Saad Raza,SA,2025-10-15,basic,heavy
21,Hira Malik,PK,2026-01-01,basic,risky
22,Ayesha Siddiqui,PK,2025-12-11,standard,normal
23,Hassan Siddiqui,PK,2023-02-09,premium,dormant
24,Noor Hussain,PK,2023-03-16,standard,risky
25,Hira Khan,PK,2023-04-11,standard,risky
26,Zainab Hussain,PK,2026-01-01,basic,normal
27,Ahmed Raza,PK,2025-12-04,basic,normal
28,Hira Ahmed,SA,2025-03-15,basic,normal
29,Areeba Baig,PK,2024-03-10,basic,normal
30,Mahnoor Hussain,AE,2025-01-04,basic,heavy
31,Zainab Malik,SA,2024-06-19,basic,heavy
32,Hassan Farooqui,GB,2025-08-02,basic,dormant
33,Maryam Qureshi,SA,2023-08-07,standard,normal
34,Mahnoor Raza,PK,2025-01-30,standard,normal
35,Talha Farooqui,GB,2025-12-18,basic,normal
36,Ayesha Sheikh,SA,2023-07-23,basic,normal
37,Saad Hussain,PK,2022-12-27,standard,normal
38,Bilal Sheikh,PK,2026-02-23,standard,normal
39,Ahmed Baig,PK,2024-08-24,standard,normal
40,Bilal Raza,PK,2023-04-04,basic,heavy
41,Zainab Malik,PK,2023-09-08,standard,normal
42,Ahmed Qureshi,SA,2023-02-25,basic,risky
43,Danish Sheikh,SA,2024-09-21,basic,heavy
44,Faizan Khan,PK,2024-11-16,basic,normal
45,Areeba Khan,GB,2023-09-05,basic,risky
46,Saad Sheikh,PK,2025-08-27,basic,risky
47,Sana Khan,GB,2025-05-07,basic,normal
48,Saad Ahmed,AE,2024-01-23,standard,normal
49,Noor Baig,PK,2023-10-28,basic,heavy
50,Faizan Baig,PK,2025-10-10,basic,normal
51,Omar Baig,AE,2024-05-23,basic,normal
52,Faizan Sheikh,PK,2024-11-25,basic,normal
53,Bilal Hussain,PK,2024-05-31,basic,risky
54,Bilal Siddiqui,PK,2022-10-16,basic,heavy
55,Hassan Ahmed,SA,2025-12-05,basic,heavy
56,Iqra Ahmed,PK,2022-08-28,standard,risky
57,Noor Raza,GB,2024-08-07,premium,normal
58,Ayesha Ahmed,SA,2023-06-15,basic,normal
59,Iqra Siddiqui,PK,2024-09-09,standard,normal
60,Bilal Farooqui,AE,2025-02-03,premium,normal
61,Zainab Khan,AE,2023-06-17,premium,heavy
62,Talha Khan,PK,2023-10-03,standard,normal
63,Maryam Farooqui,AE,2025-09-08,premium,normal
64,Maryam Siddiqui,PK,2023-09-09,premium,risky
65,Sana Ahmed,PK,2023-07-09,standard,heavy
66,Maryam Hussain,PK,2024-10-26,basic,normal
67,Ayesha Hussain,GB,2022-11-27,basic,normal
68,Usman Siddiqui,AE,2023-12-02,basic,normal
69,Fatima Raza,PK,2025-01-05,basic,normal
70,Fatima Malik,SA,2026-03-01,basic,normal
71,Saad Khan,GB,2023-10-19,basic,normal
72,Usman Siddiqui,SA,2025-06-16,standard,normal
73,Bilal Malik,GB,2023-07-05,standard,risky
74,Omar Raza,PK,2024-05-01,standard,normal
75,Mahnoor Hussain,GB,2024-07-16,basic,normal
76,Fatima Khan,PK,2025-08-14,basic,normal
77,Ayesha Siddiqui,PK,2023-09-02,standard,normal
78,Fatima Malik,PK,2025-08-11,standard,heavy
79,Faizan Hussain,SA,2024-09-17,premium,normal
80,Faizan Malik,PK,2023-03-23,premium,risky
81,Danish Raza,PK,2022-12-04,premium,heavy
82,Fatima Siddiqui,PK,2022-09-06,basic,normal
83,Ahmed Sheikh,PK,2022-10-16,basic,risky
84,Iqra Raza,AE,2024-03-22,basic,normal
85,Ahmed Baig,PK,2025-06-27,standard,normal
86,Iqra Siddiqui,PK,2023-03-20,premium,normal
87,Zainab Baig,PK,2023-05-07,basic,heavy
88,Saad Farooqui,PK,2022-09-04,standard,normal
89,Bilal Qureshi,SA,2023-11-19,basic,normal
90,Talha Siddiqui,PK,2025-09-11,basic,normal
91,Talha Khan,PK,2024-05-30,basic,normal
92,Ali Baig,PK,2024-08-09,basic,heavy
93,Sana Siddiqui,PK,2023-03-15,premium,normal
94,Usman Qureshi,PK,2024-10-20,basic,normal
95,Talha Khan,PK,2025-01-11,standard,normal
96,Iqra Hussain,PK,2025-11-30,standard,heavy
97,Noor Sheikh,PK,2023-03-24,basic,normal
98,Fatima Raza,GB,2023-07-07,basic,normal
99,Hira Ahmed,SA,2026-01-20,standard,normal
100,Sana Farooqui,PK,2024-08-28,basic,dormant
101,Zainab Ahmed,SA,2024-06-29,premium,dormant
102,Noor Ahmed,PK,2024-07-12,basic,heavy
103,Talha Hussain,GB,2022-12-06,standard,normal
104,Mahnoor Farooqui,PK,2025-08-31,standard,dormant
105,Hassan Malik,GB,2025-02-09,basic,risky
106,Omar Qureshi,GB,2025-07-22,basic,heavy
107,Areeba Baig,PK,2025-05-01,premium,normal
108,Danish Hussain,PK,2022-12-21,basic,normal
109,Danish Sheikh,PK,2022-11-08,basic,normal
110,Usman Siddiqui,GB,2026-01-15,basic,dormant
111,Ayesha Baig,SA,2023-12-14,basic,normal
112,Noor Baig,SA,2025-05-16,standard,normal
113,Ahmed Baig,PK,2025-07-07,standard,normal
114,Talha Siddiqui,AE,2025-02-28,basic,normal
115,Usman Ahmed,PK,2025-07-05,standard,normal
116,Iqra Farooqui,AE,2024-06-15,basic,risky
117,Noor Hussain,SA,2022-08-28,basic,risky
118,Areeba Baig,PK,2024-02-11,standard,heavy
119,Ahmed Khan,AE,2023-08-17,premium,normal
120,Ali Malik,SA,2024-06-11,basic,heavy
121,Usman Baig,GB,2026-02-24,basic,normal
122,Hira Khan,PK,2025-11-25,standard,heavy
123,Hassan Farooqui,PK,2025-03-30,standard,normal
124,Mahnoor Sheikh,SA,2025-05-02,basic,normal
125,Faizan Baig,SA,2023-03-18,basic,normal
126,Talha Hussain,AE,2023-03-14,standard,normal
127,Danish Sheikh,SA,2023-02-28,basic,normal
128,Danish Sheikh,PK,2023-12-07,basic,normal
129,Omar Raza,AE,2024-03-21,basic,normal
130,Maryam Siddiqui,PK,2023-11-22,basic,normal
131,Sana Qureshi,SA,2024-10-02,basic,normal
132,Ali Raza,AE,2023-10-25,premium,dormant
133,Maryam Farooqui,SA,2023-05-17,standard,normal
134,Ahmed Qureshi,PK,2023-06-27,standard,normal
135,Ayesha Ahmed,PK,2024-01-07,premium,normal
136,Omar Sheikh,PK,2025-12-29,basic,normal
137,Sana Sheikh,PK,2023-08-15,basic,dormant
138,Iqra Ahmed,GB,2024-11-23,premium,normal
139,Omar Ahmed,PK,2023-07-22,basic,risky
140,Omar Raza,GB,2024-04-12,standard,normal
141,Ali Sheikh,PK,2023-01-24,standard,normal
142,Ali Farooqui,PK,2024-12-30,basic,normal
143,Saad Malik,PK,2022-11-20,basic,dormant
144,Fatima Khan,PK,2023-03-13,basic,normal
145,Hira Baig,PK,2025-01-08,basic,normal
146,Maryam Hussain,PK,2024-06-25,basic,normal
147,Omar Malik,PK,2024-04-23,basic,normal
148,Hira Malik,GB,2023-06-19,standard,normal
149,Mahnoor Ahmed,SA,2023-10-01,premium,normal
150,Hira Siddiqui,PK,2023-03-03,standard,normal
151,Ayesha Qureshi,SA,2024-11-19,basic,risky
152,Hira Malik,SA,2024-05-27,basic,risky
153,Bilal Khan,SA,2024-08-31,basic,normal
154,Ali Qureshi,PK,2022-12-18,basic,normal
155,Ayesha Farooqui,GB,2025-02-11,premium,normal
156,Hassan Raza,PK,2024-02-10,basic,heavy
157,Noor Qureshi,PK,2025-10-09,basic,normal
158,Areeba Ahmed,PK,2023-03-05,standard,heavy
159,Hassan Malik,AE,2024-10-31,basic,heavy
160,Bilal Malik,PK,2024-12-27,basic,risky
161,Omar Baig,PK,2024-02-16,basic,normal
162,Omar Hussain,GB,2024-06-04,standard,dormant
163,Iqra Farooqui,PK,2023-03-08,standard,normal
164,Bilal Farooqui,PK,2024-04-23,basic,normal
165,Danish Farooqui,PK,2024-05-11,premium,normal
166,Sana Farooqui,PK,2025-10-29,premium,normal
167,Maryam Khan,PK,2026-02-14,standard,risky
168,Usman Ahmed,SA,2024-10-12,basic,risky
169,Talha Sheikh,PK,2022-08-25,basic,normal
170,Hassan Siddiqui,SA,2022-12-08,premium,dormant
171,Usman Khan,GB,2023-12-18,basic,normal
172,Faizan Hussain,GB,2023-12-15,standard,normal
173,Saad Raza,GB,2024-10-22,standard,normal
174,Usman Siddiqui,PK,2025-07-27,basic,dormant
175,Ahmed Ahmed,SA,2026-03-03,standard,normal
176,Ayesha Malik,AE,2024-12-29,premium,normal
177,Hira Ahmed,SA,2025-01-27,standard,normal
178,Bilal Hussain,SA,2025-07-08,basic,dormant
179,Sana Siddiqui,AE,2025-04-12,premium,risky
180,Ahmed Baig,PK,2026-02-10,standard,heavy
181,Saad Malik,PK,2024-01-14,standard,risky
182,Faizan Sheikh,PK,2022-11-25,standard,risky
183,Faizan Qureshi,PK,2023-09-28,standard,normal
184,Bilal Baig,GB,2024-08-09,basic,normal
185,Ali Baig,PK,2024-09-14,basic,risky
186,Ali Malik,PK,2025-02-08,basic,heavy
187,Danish Farooqui,PK,2025-09-10,standard,normal
188,Usman Ahmed,PK,2024-01-26,standard,normal
189,Hassan Hussain,AE,2024-03-08,standard,heavy
190,Saad Ahmed,SA,2026-03-05,basic,normal
191,Sana Malik,GB,2024-09-20,standard,dormant
192,Fatima Hussain,AE,2025-03-18,premium,normal
193,Danish Ahmed,SA,2025-08-05,basic,normal
194,Noor Qureshi,PK,2023-09-13,standard,risky
195,Ayesha Qureshi,SA,2024-04-30,standard,normal
196,Fatima Malik,PK,2023-12-12,standard,normal
197,Areeba Baig,PK,2023-08-30,basic,normal
198,Bilal Hussain,PK,2022-09-15,standard,risky
199,Maryam Hussain,PK,2023-05-06,premium,normal
200,Saad Sheikh,PK,2023-12-29,standard,normal
201,Ahmed Siddiqui,SA,2023-01-27,premium,risky
202,Saad Malik,GB,2024-07-02,premium,dormant
203,Omar Malik,PK,2022-09-11,basic,normal
204,Zainab Ahmed,GB,2023-06-29,standard,normal
205,Ali Farooqui,PK,2023-11-19,basic,normal
206,Ayesha Hussain,PK,2022-12-26,premium,normal
207,Ali Baig,AE,2024-05-14,basic,normal
208,Omar Siddiqui,PK,2023-08-21,basic,heavy
209,Zainab Qureshi,GB,2025-03-09,premium,normal
210,Hira Siddiqui,SA,2022-10-09,basic,normal
211,Sana Siddiqui,PK,2023-12-25,standard,heavy
212,Faizan Qureshi,PK,2023-06-02,basic,normal
213,Sana Ahmed,SA,2024-07-24,premium,normal
214,Sana Ahmed,PK,2023-02-12,premium,risky
215,Fatima Farooqui,PK,2025-12-08,basic,heavy
216,Ayesha Qureshi,PK,2025-10-17,standard,heavy
217,Faizan Farooqui,PK,2024-05-24,basic,normal
218,Bilal Ahmed,AE,2023-08-05,standard,normal
219,Sana Siddiqui,AE,2023-04-28,standard,dormant
220,Mahnoor Malik,PK,2024-08-19,standard,normal
221,Fatima Malik,AE,2023-11-21,basic,normal
222,Areeba Khan,AE,2024-03-25,basic,normal
223,Sana Ahmed,PK,2022-10-12,standard,heavy
224,Fatima Farooqui,PK,2023-11-15,standard,dormant
225,Ali Sheikh,GB,2024-09-19,basic,normal
226,Talha Raza,AE,2022-10-01,basic,dormant
227,Ayesha Qureshi,PK,2025-10-26,basic,normal
228,Mahnoor Qureshi,PK,2022-09-12,premium,normal
229,Ahmed Siddiqui,AE,2025-08-26,basic,heavy
230,Noor Ahmed,PK,2025-03-05,basic,normal
231,Faizan Farooqui,SA,2023-04-12,premium,normal
232,Bilal Hussain,PK,2023-08-04,basic,normal
233,Faizan Baig,SA,2022-09-30,standard,dormant
234,Sana Qureshi,PK,2023-07-14,basic,normal
235,Faizan Ahmed,PK,2023-12-07,premium,dormant
236,Faizan Farooqui,PK,2024-12-19,standard,risky
237,Noor Sheikh,AE,2026-03-08,premium,normal
238,Maryam Khan,PK,2025-10-04,basic,risky
239,Talha Sheikh,PK,2025-02-20,standard,normal
240,Ayesha Baig,PK,2026-01-20,standard,normal
241,Noor Raza,PK,2024-05-23,basic,risky
242,Ayesha Baig,PK,2023-06-08,basic,risky
243,Danish Baig,PK,2022-10-09,basic,normal
244,Faizan Malik,SA,2024-06-16,premium,normal
245,Hassan Farooqui,PK,2023-02-01,standard,heavy
246,Ahmed Qureshi,PK,2022-09-10,standard,risky
247,Zainab Raza,PK,2023-02-21,standard,heavy
248,Iqra Khan,GB,2024-07-18,standard,normal
249,Maryam Farooqui,PK,2025-01-16,basic,normal
250,Zainab Malik,SA,2022-09-20,basic,normal
251,Areeba Khan,PK,2025-05-04,standard,heavy
252,Sana Qureshi,PK,2024-09-25,basic,risky
253,Iqra Ahmed,AE,2025-12-08,premium,normal
254,Usman Ahmed,AE,2023-05-18,standard,normal
255,Iqra Raza,SA,2023-11-21,basic,normal
256,Hira Sheikh,SA,2025-11-24,standard,heavy
257,Fatima Farooqui,SA,2025-05-30,basic,risky
258,Danish Sheikh,AE,2024-03-22,premium,normal
259,Usman Baig,PK,2024-04-11,premium,normal
260,Saad Qureshi,PK,2023-05-07,premium,normal
261,Omar Raza,PK,2025-04-03,basic,normal
262,Noor Siddiqui,PK,2022-11-28,basic,risky
263,Ayesha Qureshi,PK,2024-08-14,basic,normal
264,Danish Farooqui,PK,2023-04-10,basic,normal
265,Ahmed Sheikh,PK,2025-05-09,basic,dormant
266,Maryam Ahmed,PK,2026-01-25,basic,normal
267,Ayesha Raza,PK,2026-01-02,premium,normal
268,Mahnoor Hussain,SA,2024-11-15,basic,normal
269,Maryam Khan,PK,2022-10-22,basic,normal
270,Mahnoor Qureshi,SA,2026-01-10,standard,normal
271,Zainab Hussain,AE,2024-11-20,standard,normal
272,Saad Baig,PK,2025-10-23,standard,normal
273,Zainab Farooqui,PK,2022-11-19,standard,normal
274,Hira Siddiqui,AE,2023-10-19,premium,normal
275,Iqra Raza,PK,2023-06-27,standard,heavy
276,Fatima Sheikh,PK,2023-08-30,standard,normal
277,Sana Farooqui,PK,2023-11-11,standard,normal
278,Saad Sheikh,SA,2023-06-13,basic,normal
279,Saad Baig,PK,2026-03-04,basic,risky
280,Sana Qureshi,PK,2023-02-13,basic,risky
281,Areeba Siddiqui,PK,2023-07-27,basic,normal
282,Bilal Baig,SA,2023-07-27,standard,normal
283,Maryam Siddiqui,GB,2024-10-19,basic,normal
284,Saad Farooqui,GB,2023-05-08,basic,normal
285,Omar Qureshi,SA,2024-11-03,basic,normal
286,Fatima Raza,PK,2026-01-10,standard,normal
287,Usman Sheikh,PK,2022-12-20,basic,normal
288,Noor Qureshi,PK,2025-05-14,standard,normal
289,Hira Qureshi,PK,2025-11-02,premium,normal
290,Zainab Ahmed,GB,2023-12-27,basic,normal
291,Faizan Khan,SA,2025-05-15,standard,risky
292,Omar Raza,PK,2023-02-23,basic,normal
293,Bilal Raza,GB,2024-08-15,basic,dormant
294,Saad Raza,PK,2026-03-09,standard,normal
295,Omar Khan,PK,2022-10-24,premium,risky
296,Areeba Sheikh,SA,2024-05-14,basic,dormant
297,Faizan Ahmed,SA,2025-04-07,standard,dormant
298,Fatima Baig,PK,2023-10-16,basic,risky
299,Talha Hussain,AE,2024-04-24,standard,risky
300,Iqra Malik,PK,2026-02-04,standard,heavy
301,Talha Raza,GB,2023-07-01,standard,risky
302,Fatima Ahmed,PK,2024-10-09,standard,normal
303,Areeba Malik,SA,2023-09-17,basic,normal
304,Iqra Ahmed,PK,2023-01-05,standard,normal
305,Zainab Malik,PK,2024-01-11,standard,risky
306,Zainab Raza,SA,2023-10-23,standard,normal
307,Talha Farooqui,PK,2025-04-17,basic,normal
308,Saad Malik,PK,2025-05-10,basic,heavy
309,Mahnoor Siddiqui,GB,2024-09-21,basic,normal
310,Ahmed Baig,PK,2023-03-02,basic,normal
311,Iqra Farooqui,PK,2024-05-02,basic,normal
312,Maryam Raza,PK,2024-12-17,basic,normal
313,Saad Malik,PK,2023-06-05,standard,normal
314,Omar Raza,SA,2023-03-01,basic,normal
315,Ayesha Sheikh,PK,2022-12-27,standard,normal
316,Saad Farooqui,PK,2025-02-19,standard,normal
317,Ahmed Sheikh,AE,2023-09-04,standard,normal
318,Usman Raza,SA,2024-02-06,basic,heavy
319,Ahmed Khan,PK,2024-08-08,basic,normal
320,Ahmed Qureshi,AE,2024-10-14,standard,dormant
321,Saad Hussain,PK,2025-10-17,premium,dormant
322,Mahnoor Raza,GB,2025-03-22,basic,normal
323,Sana Qureshi,PK,2024-03-30,standard,normal
324,Fatima Farooqui,SA,2023-01-17,standard,normal
325,Faizan Hussain,AE,2023-02-12,standard,risky
326,Omar Sheikh,GB,2025-07-14,basic,heavy
327,Areeba Siddiqui,PK,2023-10-13,standard,risky
328,Saad Qureshi,SA,2025-11-24,basic,normal
329,Usman Raza,AE,2023-10-19,premium,heavy
330,Faizan Sheikh,PK,2024-12-25,basic,normal
331,Faizan Malik,SA,2024-08-07,basic,heavy
332,Usman Farooqui,GB,2023-08-25,premium,normal
333,Mahnoor Farooqui,PK,2024-09-08,basic,heavy
334,Omar Hussain,PK,2023-04-30,basic,risky
335,Talha Farooqui,PK,2024-04-20,basic,normal
336,Ali Baig,PK,2022-08-24,basic,heavy
337,Mahnoor Baig,SA,2023-12-06,basic,normal
338,Hassan Baig,SA,2025-02-22,basic,heavy
339,Bilal Qureshi,PK,2023-06-11,standard,normal
340,Danish Qureshi,SA,2024-09-30,standard,dormant
341,Noor Malik,PK,2024-04-19,basic,normal
342,Danish Raza,AE,2025-09-18,standard,dormant
343,Danish Malik,GB,2025-10-10,basic,risky
344,Omar Malik,PK,2024-02-26,premium,normal
345,Hira Siddiqui,PK,2025-07-15,basic,risky
346,Sana Qureshi,PK,2022-08-26,standard,risky
347,Zainab Malik,SA,2023-02-26,basic,dormant
348,Noor Hussain,PK,2023-09-15,standard,normal
349,Zainab Hussain,PK,2023-08-02,basic,normal
350,Maryam Ahmed,PK,2024-01-31,standard,normal
351,Sana Khan,PK,2025-12-26,basic,heavy
352,Ali Sheikh,PK,2024-10-20,premium,normal
353,Hira Baig,PK,2024-06-08,standard,normal
354,Bilal Hussain,PK,2022-12-11,standard,normal
355,Hassan Ahmed,GB,2025-06-02,standard,normal
356,Noor Baig,PK,2024-06-07,premium,normal
357,Danish Ahmed,PK,2024-12-22,basic,risky
358,Bilal Sheikh,GB,2025-09-21,basic,risky
359,Hira Farooqui,GB,2025-11-01,basic,normal
360,Zainab Ahmed,PK,2024-11-25,basic,normal
361,Talha Ahmed,PK,2025-11-27,standard,dormant
362,Ali Qureshi,SA,2025-12-17,premium,normal
363,Usman Raza,GB,2024-12-13,premium,normal
364,Areeba Farooqui,AE,2025-06-25,standard,normal
365,Zainab Farooqui,PK,2024-03-23,standard,heavy
366,Danish Khan,PK,2026-02-20,premium,normal
367,Talha Ahmed,PK,2025-02-15,premium,risky
368,Maryam Baig,PK,2024-08-02,basic,heavy
369,Hassan Malik,SA,2022-10-09,standard,normal
370,Hira Hussain,PK,2023-12-11,standard,risky
371,Hassan Raza,PK,2023-01-25,basic,risky
372,Hira Ahmed,SA,2024-12-23,basic,normal
373,Saad Hussain,GB,2024-08-07,premium,normal
374,Maryam Ahmed,PK,2024-09-14,premium,normal
375,Fatima Qureshi,PK,2023-01-16,premium,normal
376,Ahmed Siddiqui,PK,2022-10-15,standard,normal
377,Hassan Siddiqui,AE,2022-10-10,basic,dormant
378,Zainab Raza,SA,2023-07-11,basic,normal
379,Iqra Raza,SA,2024-05-29,standard,normal
380,Ali Farooqui,SA,2024-04-10,standard,heavy
381,Ali Farooqui,PK,2022-09-17,standard,normal
382,Ali Siddiqui,PK,2025-03-10,standard,dormant
383,Bilal Khan,PK,2024-12-19,basic,risky
384,Noor Baig,PK,2023-01-03,standard,normal
385,Bilal Farooqui,PK,2024-10-28,basic,normal
386,Omar Sheikh,PK,2025-05-13,basic,dormant
387,Zainab Qureshi,SA,2024-03-16,basic,heavy
388,Fatima Qureshi,PK,2025-01-16,basic,dormant
389,Hassan Khan,PK,2023-01-11,premium,normal
390,Sana Raza,PK,2022-12-19,basic,risky
391,Iqra Sheikh,PK,2025-02-10,basic,heavy
392,Omar Baig,PK,2024-04-25,standard,normal
393,Noor Hussain,PK,2022-09-12,standard,normal
394,Talha Hussain,SA,2023-07-23,basic,heavy
395,Talha Qureshi,PK,2025-06-07,basic,normal
396,Sana Sheikh,PK,2024-02-06,basic,normal
397,Hassan Baig,AE,2023-12-30,standard,risky
398,Saad Hussain,AE,2023-11-16,basic,normal
399,Fatima Qureshi,GB,2026-02-10,basic,normal
400,Hassan Hussain,PK,2025-02-18,basic,normal
401,Zainab Ahmed,PK,2023-02-28,standard,normal
402,Maryam Hussain,GB,2025-05-05,basic,dormant
403,Talha Khan,SA,2025-02-18,standard,risky
404,Omar Ahmed,AE,2025-01-19,basic,normal
405,Omar Siddiqui,AE,2025-07-27,standard,dormant
406,Zainab Khan,SA,2025-08-24,basic,risky
407,Ahmed Khan,AE,2024-12-18,basic,normal
408,Hassan Khan,SA,2023-02-02,basic,risky
409,Ayesha Qureshi,PK,2026-03-13,standard,normal
410,Areeba Baig,PK,2025-03-11,premium,dormant
411,Ayesha Khan,PK,2025-12-26,basic,heavy
412,Omar Raza,PK,2024-03-15,basic,heavy
413,Saad Hussain,PK,2025-04-23,premium,normal
414,Omar Ahmed,PK,2023-05-20,standard,risky
415,Ali Ahmed,PK,2024-02-13,basic,normal
416,Ayesha Hussain,PK,2023-05-31,basic,normal
417,Zainab Hussain,AE,2023-12-10,standard,normal
418,Maryam Siddiqui,SA,2024-08-22,standard,risky
419,Hira Hussain,GB,2023-02-19,standard,normal
420,Ali Khan,PK,2024-07-03,premium,dormant
421,Usman Sheikh,PK,2022-10-27,basic,heavy
422,Ahmed Baig,GB,2022-08-29,basic,normal
423,Maryam Malik,PK,2024-02-08,basic,normal
424,Omar Baig,PK,2023-10-20,basic,normal
425,Hassan Siddiqui,PK,2025-04-16,basic,heavy
426,Ahmed Baig,PK,2023-04-20,basic,risky
427,Saad Qureshi,AE,2023-10-23,basic,normal
428,Omar Sheikh,PK,2022-12-27,standard,risky
429,Usman Malik,PK,2025-04-01,basic,normal
430,Danish Malik,AE,2023-05-26,basic,risky
431,Danish Baig,PK,2024-07-11,standard,dormant
432,Mahnoor Ahmed,AE,2025-07-17,standard,risky
433,Iqra Khan,PK,2025-08-04,standard,heavy
434,Omar Ahmed,PK,2024-03-14,standard,risky
435,Fatima Ahmed,GB,2025-01-23,standard,normal
436,Ali Hussain,PK,2025-11-02,basic,normal
437,Ayesha Sheikh,GB,2024-09-05,basic,normal
438,Noor Farooqui,GB,2023-11-17,standard,normal
439,Areeba Ahmed,SA,2025-01-24,basic,heavy
440,Mahnoor Raza,PK,2022-10-20,basic,heavy
441,Fatima Qureshi,GB,2023-06-05,basic,risky
442,Talha Sheikh,SA,2024-05-17,basic,normal
443,Fatima Hussain,GB,2022-11-15,basic,heavy
444,Mahnoor Farooqui,PK,2024-08-29,basic,normal
445,Mahnoor Hussain,GB,2025-09-14,standard,normal
446,Hira Ahmed,PK,2026-01-27,premium,heavy
447,Danish Malik,AE,2022-11-11,basic,dormant
448,Hira Raza,PK,2022-10-14,premium,heavy
449,Talha Malik,PK,2023-07-27,basic,normal
450,Zainab Baig,PK,2025-11-01,premium,heavy
451,Ali Siddiqui,PK,2025-02-26,premium,normal
452,Saad Siddiqui,PK,2026-01-20,basic,risky
453,Sana Hussain,SA,2026-01-07,standard,heavy
454,Sana Baig,PK,2025-04-29,premium,normal
455,Hira Khan,PK,2024-03-01,premium,normal
456,Ahmed Khan,SA,2025-12-19,premium,normal
457,Talha Raza,PK,2022-09-12,standard,dormant
458,Sana Qureshi,PK,2024-07-31,basic,normal
459,Danish Malik,PK,2025-04-06,standard,risky
460,Zainab Qureshi,PK,2024-05-13,standard,heavy
461,Zainab Baig,SA,2023-05-22,standard,normal
462,Bilal Hussain,PK,2025-02-01,basic,normal
463,Omar Siddiqui,SA,2026-01-12,standard,dormant
464,Fatima Sheikh,PK,2026-01-07,basic,normal
465,Iqra Malik,GB,2023-03-03,standard,normal
466,Bilal Siddiqui,AE,2025-10-20,basic,heavy
467,Fatima Sheikh,PK,2023-12-09,standard,heavy
468,Hira Siddiqui,PK,2024-10-31,standard,dormant
469,Danish Raza,GB,2023-06-08,basic,normal
470,Faizan Khan,AE,2025-12-26,standard,normal
471,Sana Khan,AE,2023-01-02,basic,normal
472,Ali Malik,PK,2023-09-19,premium,normal
473,Maryam Hussain,AE,2024-08-07,standard,normal
474,Iqra Raza,SA,2025-06-18,basic,normal
475,Iqra Ahmed,PK,2022-09-21,basic,normal
476,Faizan Hussain,PK,2025-02-15,basic,normal
477,Ayesha Qureshi,PK,2024-06-15,basic,normal
478,Faizan Qureshi,SA,2024-10-18,premium,heavy
479,Faizan Farooqui,PK,2025-05-19,standard,heavy
480,Hira Khan,PK,2024-09-19,basic,normal
481,Omar Malik,GB,2025-08-30,premium,normal
482,Hira Siddiqui,PK,2026-03-12,basic,normal
483,Hira Ahmed,GB,2025-03-03,premium,normal
484,Omar Raza,GB,2025-10-20,basic,normal
485,Ali Malik,GB,2024-09-21,standard,normal
486,Areeba Khan,AE,2023-02-17,premium,normal
487,Usman Malik,GB,2025-08-15,basic,normal
488,Bilal Qureshi,GB,2026-03-13,standard,normal
489,Ahmed Ahmed,SA,2025-10-21,premium,normal
490,Ayesha Ahmed,PK,2024-05-23,basic,normal
491,Noor Hussain,PK,2025-03-22,basic,heavy
492,Fatima Sheikh,AE,2024-06-16,standard,heavy
493,Omar Sheikh,PK,2026-02-04,basic,heavy
494,Hassan Khan,GB,2025-01-05,basic,normal
495,Ahmed Sheikh,GB,2024-09-27,basic,risky
496,Omar Malik,AE,2024-08-31,standard,normal
497,Talha Raza,PK,2024-03-28,basic,normal
498,Usman Malik,PK,2023-06-04,basic,heavy
499,Faizan Hussain,PK,2024-07-15,standard,normal
500,Ali Farooqui,AE,2023-03-17,standard,normal
